"ITTER107","Territory","TIPO_DATO15","Demographic data type","SEXISTAT1","Gender","ETA1","Age","STATCIV2","Marital status","TIME","Select time","Value","Flag Codes","Flags"
"IT","Italy","JAN","population on 1st January","1","males","Y0","0 years","99","total","2019","2019",225428,"p","provisional data"
"IT","Italy","JAN","population on 1st January","2","females","Y0","0 years","99","total","2019","2019",212859,"p","provisional data"
"IT","Italy","JAN","population on 1st January","9","total","Y0","0 years","99","total","2019","2019",438287,"p","provisional data"
"IT","Italy","JAN","population on 1st January","1","males","Y1","1 years","99","total","2019","2019",236086,"p","provisional data"
"IT","Italy","JAN","population on 1st January","9","total","Y1","1 years","99","total","2019","2019",459922,"p","provisional data"
"IT","Italy","JAN","population on 1st January","2","females","Y1","1 years","99","total","2019","2019",223836,"p","provisional data"
"IT","Italy","JAN","population on 1st January","1","males","Y2","2 years","99","total","2019","2019",244308,"p","provisional data"
"IT","Italy","JAN","population on 1st January","9","total","Y2","2 years","99","total","2019","2019",476020,"p","provisional data"
"IT","Italy","JAN","population on 1st January","2","females","Y2","2 years","99","total","2019","2019",231712,"p","provisional data"
"IT","Italy","JAN","population on 1st January","9","total","Y3","3 years","99","total","2019","2019",489037,"p","provisional data"
"IT","Italy","JAN","population on 1st January","2","females","Y3","3 years","99","total","2019","2019",237650,"p","provisional data"
"IT","Italy","JAN","population on 1st January","1","males","Y3","3 years","99","total","2019","2019",251387,"p","provisional data"
"IT","Italy","JAN","population on 1st January","1","males","Y4","4 years","99","total","2019","2019",259391,"p","provisional data"
"IT","Italy","JAN","population on 1st January","9","total","Y4","4 years","99","total","2019","2019",504420,"p","provisional data"
"IT","Italy","JAN","population on 1st January","2","females","Y4","4 years","99","total","2019","2019",245029,"p","provisional data"
"IT","Italy","JAN","population on 1st January","1","males","Y5","5 years","99","total","2019","2019",263538,"p","provisional data"
"IT","Italy","JAN","population on 1st January","9","total","Y5","5 years","99","total","2019","2019",512997,"p","provisional data"
"IT","Italy","JAN","population on 1st January","2","females","Y5","5 years","99","total","2019","2019",249459,"p","provisional data"
"IT","Italy","JAN","population on 1st January","2","females","Y6","6 years","99","total","2019","2019",260032,"p","provisional data"
"IT","Italy","JAN","population on 1st January","1","males","Y6","6 years","99","total","2019","2019",275227,"p","provisional data"
"IT","Italy","JAN","population on 1st January","9","total","Y6","6 years","99","total","2019","2019",535259,"p","provisional data"
"IT","Italy","JAN","population on 1st January","1","males","Y7","7 years","99","total","2019","2019",280461,"p","provisional data"
"IT","Italy","JAN","population on 1st January","9","total","Y7","7 years","99","total","2019","2019",545227,"p","provisional data"
"IT","Italy","JAN","population on 1st January","2","females","Y7","7 years","99","total","2019","2019",264766,"p","provisional data"
"IT","Italy","JAN","population on 1st January","1","males","Y8","8 years","99","total","2019","2019",288427,"p","provisional data"
"IT","Italy","JAN","population on 1st January","2","females","Y8","8 years","99","total","2019","2019",271679,"p","provisional data"
"IT","Italy","JAN","population on 1st January","9","total","Y8","8 years","99","total","2019","2019",560106,"p","provisional data"
"IT","Italy","JAN","population on 1st January","9","total","Y9","9 years","99","total","2019","2019",569207,"p","provisional data"
"IT","Italy","JAN","population on 1st January","2","females","Y9","9 years","99","total","2019","2019",276366,"p","provisional data"
"IT","Italy","JAN","population on 1st January","1","males","Y9","9 years","99","total","2019","2019",292841,"p","provisional data"
"IT","Italy","JAN","population on 1st January","1","males","Y10","10 years","99","total","2019","2019",295712,"p","provisional data"
"IT","Italy","JAN","population on 1st January","2","females","Y10","10 years","99","total","2019","2019",279992,"p","provisional data"
"IT","Italy","JAN","population on 1st January","9","total","Y10","10 years","99","total","2019","2019",575704,"p","provisional data"
"IT","Italy","JAN","population on 1st January","1","males","Y11","11 years","99","total","2019","2019",295472,"p","provisional data"
"IT","Italy","JAN","population on 1st January","2","females","Y11","11 years","99","total","2019","2019",278398,"p","provisional data"
"IT","Italy","JAN","population on 1st January","9","total","Y11","11 years","99","total","2019","2019",573870,"p","provisional data"
"IT","Italy","JAN","population on 1st January","9","total","Y12","12 years","99","total","2019","2019",574671,"p","provisional data"
"IT","Italy","JAN","population on 1st January","1","males","Y12","12 years","99","total","2019","2019",296319,"p","provisional data"
"IT","Italy","JAN","population on 1st January","2","females","Y12","12 years","99","total","2019","2019",278352,"p","provisional data"
"IT","Italy","JAN","population on 1st January","1","males","Y13","13 years","99","total","2019","2019",294516,"p","provisional data"
"IT","Italy","JAN","population on 1st January","2","females","Y13","13 years","99","total","2019","2019",276183,"p","provisional data"
"IT","Italy","JAN","population on 1st January","9","total","Y13","13 years","99","total","2019","2019",570699,"p","provisional data"
"IT","Italy","JAN","population on 1st January","1","males","Y14","14 years","99","total","2019","2019",296674,"p","provisional data"
"IT","Italy","JAN","population on 1st January","2","females","Y14","14 years","99","total","2019","2019",280115,"p","provisional data"
"IT","Italy","JAN","population on 1st January","9","total","Y14","14 years","99","total","2019","2019",576789,"p","provisional data"
"IT","Italy","JAN","population on 1st January","1","males","Y15","15 years","99","total","2019","2019",294580,"p","provisional data"
"IT","Italy","JAN","population on 1st January","2","females","Y15","15 years","99","total","2019","2019",277657,"p","provisional data"
"IT","Italy","JAN","population on 1st January","9","total","Y15","15 years","99","total","2019","2019",572237,"p","provisional data"
"IT","Italy","JAN","population on 1st January","1","males","Y16","16 years","99","total","2019","2019",293142,"p","provisional data"
"IT","Italy","JAN","population on 1st January","2","females","Y16","16 years","99","total","2019","2019",275768,"p","provisional data"
"IT","Italy","JAN","population on 1st January","9","total","Y16","16 years","99","total","2019","2019",568910,"p","provisional data"
"IT","Italy","JAN","population on 1st January","1","males","Y17","17 years","99","total","2019","2019",297515,"p","provisional data"
"IT","Italy","JAN","population on 1st January","2","females","Y17","17 years","99","total","2019","2019",278257,"p","provisional data"
"IT","Italy","JAN","population on 1st January","9","total","Y17","17 years","99","total","2019","2019",575772,"p","provisional data"
"IT","Italy","JAN","population on 1st January","1","males","Y18","18 years","99","total","2019","2019",307687,"p","provisional data"
"IT","Italy","JAN","population on 1st January","2","females","Y18","18 years","99","total","2019","2019",283278,"p","provisional data"
"IT","Italy","JAN","population on 1st January","9","total","Y18","18 years","99","total","2019","2019",590965,"p","provisional data"
"IT","Italy","JAN","population on 1st January","1","males","Y19","19 years","99","total","2019","2019",308983,"p","provisional data"
"IT","Italy","JAN","population on 1st January","2","females","Y19","19 years","99","total","2019","2019",280274,"p","provisional data"
"IT","Italy","JAN","population on 1st January","9","total","Y19","19 years","99","total","2019","2019",589257,"p","provisional data"
"IT","Italy","JAN","population on 1st January","1","males","Y20","20 years","99","total","2019","2019",315863,"p","provisional data"
"IT","Italy","JAN","population on 1st January","2","females","Y20","20 years","99","total","2019","2019",281026,"p","provisional data"
"IT","Italy","JAN","population on 1st January","9","total","Y20","20 years","99","total","2019","2019",596889,"p","provisional data"
"IT","Italy","JAN","population on 1st January","1","males","Y21","21 years","99","total","2019","2019",313089,"p","provisional data"
"IT","Italy","JAN","population on 1st January","2","females","Y21","21 years","99","total","2019","2019",282209,"p","provisional data"
"IT","Italy","JAN","population on 1st January","9","total","Y21","21 years","99","total","2019","2019",595298,"p","provisional data"
"IT","Italy","JAN","population on 1st January","1","males","Y22","22 years","99","total","2019","2019",313272,"p","provisional data"
"IT","Italy","JAN","population on 1st January","2","females","Y22","22 years","99","total","2019","2019",284122,"p","provisional data"
"IT","Italy","JAN","population on 1st January","9","total","Y22","22 years","99","total","2019","2019",597394,"p","provisional data"
"IT","Italy","JAN","population on 1st January","1","males","Y23","23 years","99","total","2019","2019",311589,"p","provisional data"
"IT","Italy","JAN","population on 1st January","2","females","Y23","23 years","99","total","2019","2019",285082,"p","provisional data"
"IT","Italy","JAN","population on 1st January","9","total","Y23","23 years","99","total","2019","2019",596671,"p","provisional data"
"IT","Italy","JAN","population on 1st January","1","males","Y24","24 years","99","total","2019","2019",313208,"p","provisional data"
"IT","Italy","JAN","population on 1st January","2","females","Y24","24 years","99","total","2019","2019",290785,"p","provisional data"
"IT","Italy","JAN","population on 1st January","9","total","Y24","24 years","99","total","2019","2019",603993,"p","provisional data"
"IT","Italy","JAN","population on 1st January","1","males","Y25","25 years","99","total","2019","2019",317679,"p","provisional data"
"IT","Italy","JAN","population on 1st January","2","females","Y25","25 years","99","total","2019","2019",298606,"p","provisional data"
"IT","Italy","JAN","population on 1st January","9","total","Y25","25 years","99","total","2019","2019",616285,"p","provisional data"
"IT","Italy","JAN","population on 1st January","1","males","Y26","26 years","99","total","2019","2019",330699,"p","provisional data"
"IT","Italy","JAN","population on 1st January","2","females","Y26","26 years","99","total","2019","2019",312624,"p","provisional data"
"IT","Italy","JAN","population on 1st January","9","total","Y26","26 years","99","total","2019","2019",643323,"p","provisional data"
"IT","Italy","JAN","population on 1st January","2","females","Y27","27 years","99","total","2019","2019",312183,"p","provisional data"
"IT","Italy","JAN","population on 1st January","9","total","Y27","27 years","99","total","2019","2019",640950,"p","provisional data"
"IT","Italy","JAN","population on 1st January","1","males","Y27","27 years","99","total","2019","2019",328767,"p","provisional data"
"IT","Italy","JAN","population on 1st January","1","males","Y28","28 years","99","total","2019","2019",335470,"p","provisional data"
"IT","Italy","JAN","population on 1st January","2","females","Y28","28 years","99","total","2019","2019",320066,"p","provisional data"
"IT","Italy","JAN","population on 1st January","9","total","Y28","28 years","99","total","2019","2019",655536,"p","provisional data"
"IT","Italy","JAN","population on 1st January","1","males","Y29","29 years","99","total","2019","2019",332568,"p","provisional data"
"IT","Italy","JAN","population on 1st January","2","females","Y29","29 years","99","total","2019","2019",322363,"p","provisional data"
"IT","Italy","JAN","population on 1st January","9","total","Y29","29 years","99","total","2019","2019",654931,"p","provisional data"
"IT","Italy","JAN","population on 1st January","9","total","Y30","30 years","99","total","2019","2019",670761,"p","provisional data"
"IT","Italy","JAN","population on 1st January","1","males","Y30","30 years","99","total","2019","2019",340386,"p","provisional data"
"IT","Italy","JAN","population on 1st January","2","females","Y30","30 years","99","total","2019","2019",330375,"p","provisional data"
"IT","Italy","JAN","population on 1st January","1","males","Y31","31 years","99","total","2019","2019",333167,"p","provisional data"
"IT","Italy","JAN","population on 1st January","9","total","Y31","31 years","99","total","2019","2019",658626,"p","provisional data"
"IT","Italy","JAN","population on 1st January","2","females","Y31","31 years","99","total","2019","2019",325459,"p","provisional data"
"IT","Italy","JAN","population on 1st January","9","total","Y32","32 years","99","total","2019","2019",662121,"p","provisional data"
"IT","Italy","JAN","population on 1st January","1","males","Y32","32 years","99","total","2019","2019",334356,"p","provisional data"
"IT","Italy","JAN","population on 1st January","2","females","Y32","32 years","99","total","2019","2019",327765,"p","provisional data"
"IT","Italy","JAN","population on 1st January","1","males","Y33","33 years","99","total","2019","2019",343850,"p","provisional data"
"IT","Italy","JAN","population on 1st January","2","females","Y33","33 years","99","total","2019","2019",339063,"p","provisional data"
"IT","Italy","JAN","population on 1st January","9","total","Y33","33 years","99","total","2019","2019",682913,"p","provisional data"
"IT","Italy","JAN","population on 1st January","2","females","Y34","34 years","99","total","2019","2019",345482,"p","provisional data"
"IT","Italy","JAN","population on 1st January","9","total","Y34","34 years","99","total","2019","2019",694925,"p","provisional data"
"IT","Italy","JAN","population on 1st January","1","males","Y34","34 years","99","total","2019","2019",349443,"p","provisional data"
"IT","Italy","JAN","population on 1st January","1","males","Y35","35 years","99","total","2019","2019",355461,"p","provisional data"
"IT","Italy","JAN","population on 1st January","2","females","Y35","35 years","99","total","2019","2019",351315,"p","provisional data"
"IT","Italy","JAN","population on 1st January","9","total","Y35","35 years","99","total","2019","2019",706776,"p","provisional data"
"IT","Italy","JAN","population on 1st January","1","males","Y36","36 years","99","total","2019","2019",366629,"p","provisional data"
"IT","Italy","JAN","population on 1st January","2","females","Y36","36 years","99","total","2019","2019",363980,"p","provisional data"
"IT","Italy","JAN","population on 1st January","9","total","Y36","36 years","99","total","2019","2019",730609,"p","provisional data"
"IT","Italy","JAN","population on 1st January","1","males","Y37","37 years","99","total","2019","2019",368253,"p","provisional data"
"IT","Italy","JAN","population on 1st January","9","total","Y37","37 years","99","total","2019","2019",735922,"p","provisional data"
"IT","Italy","JAN","population on 1st January","2","females","Y37","37 years","99","total","2019","2019",367669,"p","provisional data"
"IT","Italy","JAN","population on 1st January","1","males","Y38","38 years","99","total","2019","2019",379024,"p","provisional data"
"IT","Italy","JAN","population on 1st January","2","females","Y38","38 years","99","total","2019","2019",375400,"p","provisional data"
"IT","Italy","JAN","population on 1st January","9","total","Y38","38 years","99","total","2019","2019",754424,"p","provisional data"
"IT","Italy","JAN","population on 1st January","1","males","Y39","39 years","99","total","2019","2019",388582,"p","provisional data"
"IT","Italy","JAN","population on 1st January","2","females","Y39","39 years","99","total","2019","2019",388559,"p","provisional data"
"IT","Italy","JAN","population on 1st January","9","total","Y39","39 years","99","total","2019","2019",777141,"p","provisional data"
"IT","Italy","JAN","population on 1st January","1","males","Y40","40 years","99","total","2019","2019",409288,"p","provisional data"
"IT","Italy","JAN","population on 1st January","2","females","Y40","40 years","99","total","2019","2019",408464,"p","provisional data"
"IT","Italy","JAN","population on 1st January","9","total","Y40","40 years","99","total","2019","2019",817752,"p","provisional data"
"IT","Italy","JAN","population on 1st January","1","males","Y41","41 years","99","total","2019","2019",421013,"p","provisional data"
"IT","Italy","JAN","population on 1st January","2","females","Y41","41 years","99","total","2019","2019",422552,"p","provisional data"
"IT","Italy","JAN","population on 1st January","9","total","Y41","41 years","99","total","2019","2019",843565,"p","provisional data"
"IT","Italy","JAN","population on 1st January","1","males","Y42","42 years","99","total","2019","2019",438702,"p","provisional data"
"IT","Italy","JAN","population on 1st January","2","females","Y42","42 years","99","total","2019","2019",441140,"p","provisional data"
"IT","Italy","JAN","population on 1st January","9","total","Y42","42 years","99","total","2019","2019",879842,"p","provisional data"
"IT","Italy","JAN","population on 1st January","1","males","Y43","43 years","99","total","2019","2019",458200,"p","provisional data"
"IT","Italy","JAN","population on 1st January","2","females","Y43","43 years","99","total","2019","2019",461963,"p","provisional data"
"IT","Italy","JAN","population on 1st January","9","total","Y43","43 years","99","total","2019","2019",920163,"p","provisional data"
"IT","Italy","JAN","population on 1st January","1","males","Y44","44 years","99","total","2019","2019",476257,"p","provisional data"
"IT","Italy","JAN","population on 1st January","2","females","Y44","44 years","99","total","2019","2019",480778,"p","provisional data"
"IT","Italy","JAN","population on 1st January","9","total","Y44","44 years","99","total","2019","2019",957035,"p","provisional data"
"IT","Italy","JAN","population on 1st January","1","males","Y45","45 years","99","total","2019","2019",472105,"p","provisional data"
"IT","Italy","JAN","population on 1st January","2","females","Y45","45 years","99","total","2019","2019",478566,"p","provisional data"
"IT","Italy","JAN","population on 1st January","9","total","Y45","45 years","99","total","2019","2019",950671,"p","provisional data"
"IT","Italy","JAN","population on 1st January","1","males","Y47","47 years","99","total","2019","2019",479265,"p","provisional data"
"IT","Italy","JAN","population on 1st January","2","females","Y47","47 years","99","total","2019","2019",489249,"p","provisional data"
"IT","Italy","JAN","population on 1st January","9","total","Y47","47 years","99","total","2019","2019",968514,"p","provisional data"
"IT","Italy","JAN","population on 1st January","1","males","Y48","48 years","99","total","2019","2019",475101,"p","provisional data"
"IT","Italy","JAN","population on 1st January","2","females","Y48","48 years","99","total","2019","2019",484689,"p","provisional data"
"IT","Italy","JAN","population on 1st January","9","total","Y48","48 years","99","total","2019","2019",959790,"p","provisional data"
"IT","Italy","JAN","population on 1st January","1","males","Y46","46 years","99","total","2019","2019",476891,"p","provisional data"
"IT","Italy","JAN","population on 1st January","2","females","Y46","46 years","99","total","2019","2019",482839,"p","provisional data"
"IT","Italy","JAN","population on 1st January","9","total","Y46","46 years","99","total","2019","2019",959730,"p","provisional data"
"IT","Italy","JAN","population on 1st January","1","males","Y49","49 years","99","total","2019","2019",486967,"p","provisional data"
"IT","Italy","JAN","population on 1st January","2","females","Y49","49 years","99","total","2019","2019",498625,"p","provisional data"
"IT","Italy","JAN","population on 1st January","9","total","Y49","49 years","99","total","2019","2019",985592,"p","provisional data"
"IT","Italy","JAN","population on 1st January","1","males","Y50","50 years","99","total","2019","2019",482710,"p","provisional data"
"IT","Italy","JAN","population on 1st January","2","females","Y50","50 years","99","total","2019","2019",495694,"p","provisional data"
"IT","Italy","JAN","population on 1st January","9","total","Y50","50 years","99","total","2019","2019",978404,"p","provisional data"
"IT","Italy","JAN","population on 1st January","1","males","Y51","51 years","99","total","2019","2019",482654,"p","provisional data"
"IT","Italy","JAN","population on 1st January","2","females","Y51","51 years","99","total","2019","2019",499062,"p","provisional data"
"IT","Italy","JAN","population on 1st January","9","total","Y51","51 years","99","total","2019","2019",981716,"p","provisional data"
"IT","Italy","JAN","population on 1st January","1","males","Y52","52 years","99","total","2019","2019",488209,"p","provisional data"
"IT","Italy","JAN","population on 1st January","2","females","Y52","52 years","99","total","2019","2019",501219,"p","provisional data"
"IT","Italy","JAN","population on 1st January","9","total","Y52","52 years","99","total","2019","2019",989428,"p","provisional data"
"IT","Italy","JAN","population on 1st January","1","males","Y53","53 years","99","total","2019","2019",486004,"p","provisional data"
"IT","Italy","JAN","population on 1st January","2","females","Y53","53 years","99","total","2019","2019",500464,"p","provisional data"
"IT","Italy","JAN","population on 1st January","9","total","Y53","53 years","99","total","2019","2019",986468,"p","provisional data"
"IT","Italy","JAN","population on 1st January","1","males","Y54","54 years","99","total","2019","2019",490847,"p","provisional data"
"IT","Italy","JAN","population on 1st January","2","females","Y54","54 years","99","total","2019","2019",507473,"p","provisional data"
"IT","Italy","JAN","population on 1st January","9","total","Y54","54 years","99","total","2019","2019",998320,"p","provisional data"
"IT","Italy","JAN","population on 1st January","1","males","Y55","55 years","99","total","2019","2019",457702,"p","provisional data"
"IT","Italy","JAN","population on 1st January","2","females","Y55","55 years","99","total","2019","2019",478775,"p","provisional data"
"IT","Italy","JAN","population on 1st January","9","total","Y55","55 years","99","total","2019","2019",936477,"p","provisional data"
"IT","Italy","JAN","population on 1st January","1","males","Y56","56 years","99","total","2019","2019",440587,"p","provisional data"
"IT","Italy","JAN","population on 1st January","2","females","Y56","56 years","99","total","2019","2019",463767,"p","provisional data"
"IT","Italy","JAN","population on 1st January","9","total","Y56","56 years","99","total","2019","2019",904354,"p","provisional data"
"IT","Italy","JAN","population on 1st January","1","males","Y57","57 years","99","total","2019","2019",430066,"p","provisional data"
"IT","Italy","JAN","population on 1st January","2","females","Y57","57 years","99","total","2019","2019",455241,"p","provisional data"
"IT","Italy","JAN","population on 1st January","9","total","Y57","57 years","99","total","2019","2019",885307,"p","provisional data"
"IT","Italy","JAN","population on 1st January","1","males","Y58","58 years","99","total","2019","2019",415518,"p","provisional data"
"IT","Italy","JAN","population on 1st January","2","females","Y58","58 years","99","total","2019","2019",441332,"p","provisional data"
"IT","Italy","JAN","population on 1st January","9","total","Y58","58 years","99","total","2019","2019",856850,"p","provisional data"
"IT","Italy","JAN","population on 1st January","1","males","Y59","59 years","99","total","2019","2019",404313,"p","provisional data"
"IT","Italy","JAN","population on 1st January","2","females","Y59","59 years","99","total","2019","2019",430594,"p","provisional data"
"IT","Italy","JAN","population on 1st January","9","total","Y59","59 years","99","total","2019","2019",834907,"p","provisional data"
"IT","Italy","JAN","population on 1st January","1","males","Y60","60 years","99","total","2019","2019",384019,"p","provisional data"
"IT","Italy","JAN","population on 1st January","2","females","Y60","60 years","99","total","2019","2019",412660,"p","provisional data"
"IT","Italy","JAN","population on 1st January","9","total","Y60","60 years","99","total","2019","2019",796679,"p","provisional data"
"IT","Italy","JAN","population on 1st January","1","males","Y61","61 years","99","total","2019","2019",379237,"p","provisional data"
"IT","Italy","JAN","population on 1st January","2","females","Y61","61 years","99","total","2019","2019",407950,"p","provisional data"
"IT","Italy","JAN","population on 1st January","9","total","Y61","61 years","99","total","2019","2019",787187,"p","provisional data"
"IT","Italy","JAN","population on 1st January","1","males","Y62","62 years","99","total","2019","2019",370092,"p","provisional data"
"IT","Italy","JAN","population on 1st January","2","females","Y62","62 years","99","total","2019","2019",399412,"p","provisional data"
"IT","Italy","JAN","population on 1st January","9","total","Y62","62 years","99","total","2019","2019",769504,"p","provisional data"
"IT","Italy","JAN","population on 1st January","1","males","Y63","63 years","99","total","2019","2019",361456,"p","provisional data"
"IT","Italy","JAN","population on 1st January","2","females","Y63","63 years","99","total","2019","2019",391766,"p","provisional data"
"IT","Italy","JAN","population on 1st January","9","total","Y63","63 years","99","total","2019","2019",753222,"p","provisional data"
"IT","Italy","JAN","population on 1st January","1","males","Y64","64 years","99","total","2019","2019",353630,"p","provisional data"
"IT","Italy","JAN","population on 1st January","2","females","Y64","64 years","99","total","2019","2019",386015,"p","provisional data"
"IT","Italy","JAN","population on 1st January","9","total","Y64","64 years","99","total","2019","2019",739645,"p","provisional data"
"IT","Italy","JAN","population on 1st January","1","males","Y65","65 years","99","total","2019","2019",337030,"p","provisional data"
"IT","Italy","JAN","population on 1st January","2","females","Y65","65 years","99","total","2019","2019",366337,"p","provisional data"
"IT","Italy","JAN","population on 1st January","9","total","Y65","65 years","99","total","2019","2019",703367,"p","provisional data"
"IT","Italy","JAN","population on 1st January","1","males","Y66","66 years","99","total","2019","2019",329091,"p","provisional data"
"IT","Italy","JAN","population on 1st January","2","females","Y66","66 years","99","total","2019","2019",360961,"p","provisional data"
"IT","Italy","JAN","population on 1st January","9","total","Y66","66 years","99","total","2019","2019",690052,"p","provisional data"
"IT","Italy","JAN","population on 1st January","2","females","Y67","67 years","99","total","2019","2019",358796,"p","provisional data"
"IT","Italy","JAN","population on 1st January","9","total","Y67","67 years","99","total","2019","2019",684817,"p","provisional data"
"IT","Italy","JAN","population on 1st January","1","males","Y67","67 years","99","total","2019","2019",326021,"p","provisional data"
"IT","Italy","JAN","population on 1st January","1","males","Y68","68 years","99","total","2019","2019",335576,"p","provisional data"
"IT","Italy","JAN","population on 1st January","2","females","Y68","68 years","99","total","2019","2019",370867,"p","provisional data"
"IT","Italy","JAN","population on 1st January","9","total","Y68","68 years","99","total","2019","2019",706443,"p","provisional data"
"IT","Italy","JAN","population on 1st January","1","males","Y69","69 years","99","total","2019","2019",334885,"p","provisional data"
"IT","Italy","JAN","population on 1st January","2","females","Y69","69 years","99","total","2019","2019",371409,"p","provisional data"
"IT","Italy","JAN","population on 1st January","9","total","Y69","69 years","99","total","2019","2019",706294,"p","provisional data"
"IT","Italy","JAN","population on 1st January","1","males","Y70","70 years","99","total","2019","2019",345450,"p","provisional data"
"IT","Italy","JAN","population on 1st January","2","females","Y70","70 years","99","total","2019","2019",386648,"p","provisional data"
"IT","Italy","JAN","population on 1st January","9","total","Y70","70 years","99","total","2019","2019",732098,"p","provisional data"
"IT","Italy","JAN","population on 1st January","1","males","Y71","71 years","99","total","2019","2019",334480,"p","provisional data"
"IT","Italy","JAN","population on 1st January","2","females","Y71","71 years","99","total","2019","2019",376074,"p","provisional data"
"IT","Italy","JAN","population on 1st January","9","total","Y71","71 years","99","total","2019","2019",710554,"p","provisional data"
"IT","Italy","JAN","population on 1st January","1","males","Y72","72 years","99","total","2019","2019",329138,"p","provisional data"
"IT","Italy","JAN","population on 1st January","2","females","Y72","72 years","99","total","2019","2019",374945,"p","provisional data"
"IT","Italy","JAN","population on 1st January","9","total","Y72","72 years","99","total","2019","2019",704083,"p","provisional data"
"IT","Italy","JAN","population on 1st January","1","males","Y73","73 years","99","total","2019","2019",250058,"p","provisional data"
"IT","Italy","JAN","population on 1st January","2","females","Y73","73 years","99","total","2019","2019",288899,"p","provisional data"
"IT","Italy","JAN","population on 1st January","9","total","Y73","73 years","99","total","2019","2019",538957,"p","provisional data"
"IT","Italy","JAN","population on 1st January","1","males","Y74","74 years","99","total","2019","2019",252298,"p","provisional data"
"IT","Italy","JAN","population on 1st January","2","females","Y74","74 years","99","total","2019","2019",295862,"p","provisional data"
"IT","Italy","JAN","population on 1st January","9","total","Y74","74 years","99","total","2019","2019",548160,"p","provisional data"
"IT","Italy","JAN","population on 1st January","1","males","Y75","75 years","99","total","2019","2019",247942,"p","provisional data"
"IT","Italy","JAN","population on 1st January","2","females","Y75","75 years","99","total","2019","2019",297872,"p","provisional data"
"IT","Italy","JAN","population on 1st January","9","total","Y75","75 years","99","total","2019","2019",545814,"p","provisional data"
"IT","Italy","JAN","population on 1st January","1","males","Y76","76 years","99","total","2019","2019",240784,"p","provisional data"
"IT","Italy","JAN","population on 1st January","2","females","Y76","76 years","99","total","2019","2019",293801,"p","provisional data"
"IT","Italy","JAN","population on 1st January","9","total","Y76","76 years","99","total","2019","2019",534585,"p","provisional data"
"IT","Italy","JAN","population on 1st January","1","males","Y77","77 years","99","total","2019","2019",235498,"p","provisional data"
"IT","Italy","JAN","population on 1st January","2","females","Y77","77 years","99","total","2019","2019",293251,"p","provisional data"
"IT","Italy","JAN","population on 1st January","9","total","Y77","77 years","99","total","2019","2019",528749,"p","provisional data"
"IT","Italy","JAN","population on 1st January","1","males","Y78","78 years","99","total","2019","2019",251556,"p","provisional data"
"IT","Italy","JAN","population on 1st January","2","females","Y78","78 years","99","total","2019","2019",319318,"p","provisional data"
"IT","Italy","JAN","population on 1st January","9","total","Y78","78 years","99","total","2019","2019",570874,"p","provisional data"
"IT","Italy","JAN","population on 1st January","1","males","Y79","79 years","99","total","2019","2019",239796,"p","provisional data"
"IT","Italy","JAN","population on 1st January","2","females","Y79","79 years","99","total","2019","2019",308863,"p","provisional data"
"IT","Italy","JAN","population on 1st January","9","total","Y79","79 years","99","total","2019","2019",548659,"p","provisional data"
"IT","Italy","JAN","population on 1st January","1","males","Y80","80 years","99","total","2019","2019",222188,"p","provisional data"
"IT","Italy","JAN","population on 1st January","2","females","Y80","80 years","99","total","2019","2019",295267,"p","provisional data"
"IT","Italy","JAN","population on 1st January","9","total","Y80","80 years","99","total","2019","2019",517455,"p","provisional data"
"IT","Italy","JAN","population on 1st January","1","males","Y81","81 years","99","total","2019","2019",195535,"p","provisional data"
"IT","Italy","JAN","population on 1st January","2","females","Y81","81 years","99","total","2019","2019",267511,"p","provisional data"
"IT","Italy","JAN","population on 1st January","9","total","Y81","81 years","99","total","2019","2019",463046,"p","provisional data"
"IT","Italy","JAN","population on 1st January","1","males","Y82","82 years","99","total","2019","2019",171836,"p","provisional data"
"IT","Italy","JAN","population on 1st January","2","females","Y82","82 years","99","total","2019","2019",245593,"p","provisional data"
"IT","Italy","JAN","population on 1st January","9","total","Y82","82 years","99","total","2019","2019",417429,"p","provisional data"
"IT","Italy","JAN","population on 1st January","2","females","Y83","83 years","99","total","2019","2019",241945,"p","provisional data"
"IT","Italy","JAN","population on 1st January","9","total","Y83","83 years","99","total","2019","2019",406335,"p","provisional data"
"IT","Italy","JAN","population on 1st January","1","males","Y83","83 years","99","total","2019","2019",164390,"p","provisional data"
"IT","Italy","JAN","population on 1st January","1","males","Y84","84 years","99","total","2019","2019",146496,"p","provisional data"
"IT","Italy","JAN","population on 1st January","2","females","Y84","84 years","99","total","2019","2019",225821,"p","provisional data"
"IT","Italy","JAN","population on 1st January","9","total","Y84","84 years","99","total","2019","2019",372317,"p","provisional data"
"IT","Italy","JAN","population on 1st January","1","males","Y85","85 years","99","total","2019","2019",129550,"p","provisional data"
"IT","Italy","JAN","population on 1st January","2","females","Y85","85 years","99","total","2019","2019",208198,"p","provisional data"
"IT","Italy","JAN","population on 1st January","9","total","Y85","85 years","99","total","2019","2019",337748,"p","provisional data"
"IT","Italy","JAN","population on 1st January","1","males","Y86","86 years","99","total","2019","2019",111628,"p","provisional data"
"IT","Italy","JAN","population on 1st January","2","females","Y86","86 years","99","total","2019","2019",190801,"p","provisional data"
"IT","Italy","JAN","population on 1st January","9","total","Y86","86 years","99","total","2019","2019",302429,"p","provisional data"
"IT","Italy","JAN","population on 1st January","1","males","Y87","87 years","99","total","2019","2019",98778,"p","provisional data"
"IT","Italy","JAN","population on 1st January","2","females","Y87","87 years","99","total","2019","2019",176921,"p","provisional data"
"IT","Italy","JAN","population on 1st January","9","total","Y87","87 years","99","total","2019","2019",275699,"p","provisional data"
"IT","Italy","JAN","population on 1st January","1","males","Y88","88 years","99","total","2019","2019",87643,"p","provisional data"
"IT","Italy","JAN","population on 1st January","2","females","Y88","88 years","99","total","2019","2019",168847,"p","provisional data"
"IT","Italy","JAN","population on 1st January","9","total","Y88","88 years","99","total","2019","2019",256490,"p","provisional data"
"IT","Italy","JAN","population on 1st January","1","males","Y89","89 years","99","total","2019","2019",67909,"p","provisional data"
"IT","Italy","JAN","population on 1st January","9","total","Y89","89 years","99","total","2019","2019",206598,"p","provisional data"
"IT","Italy","JAN","population on 1st January","2","females","Y89","89 years","99","total","2019","2019",138689,"p","provisional data"
"IT","Italy","JAN","population on 1st January","1","males","Y90","90 years","99","total","2019","2019",54534,"p","provisional data"
"IT","Italy","JAN","population on 1st January","2","females","Y90","90 years","99","total","2019","2019",120877,"p","provisional data"
"IT","Italy","JAN","population on 1st January","9","total","Y90","90 years","99","total","2019","2019",175411,"p","provisional data"
"IT","Italy","JAN","population on 1st January","1","males","Y91","91 years","99","total","2019","2019",43351,"p","provisional data"
"IT","Italy","JAN","population on 1st January","2","females","Y91","91 years","99","total","2019","2019",103390,"p","provisional data"
"IT","Italy","JAN","population on 1st January","9","total","Y91","91 years","99","total","2019","2019",146741,"p","provisional data"
"IT","Italy","JAN","population on 1st January","1","males","Y92","92 years","99","total","2019","2019",32740,"p","provisional data"
"IT","Italy","JAN","population on 1st January","2","females","Y92","92 years","99","total","2019","2019",84908,"p","provisional data"
"IT","Italy","JAN","population on 1st January","9","total","Y92","92 years","99","total","2019","2019",117648,"p","provisional data"
"IT","Italy","JAN","population on 1st January","1","males","Y93","93 years","99","total","2019","2019",24433,"p","provisional data"
"IT","Italy","JAN","population on 1st January","2","females","Y93","93 years","99","total","2019","2019",68990,"p","provisional data"
"IT","Italy","JAN","population on 1st January","9","total","Y93","93 years","99","total","2019","2019",93423,"p","provisional data"
"IT","Italy","JAN","population on 1st January","1","males","Y94","94 years","99","total","2019","2019",18006,"p","provisional data"
"IT","Italy","JAN","population on 1st January","2","females","Y94","94 years","99","total","2019","2019",54335,"p","provisional data"
"IT","Italy","JAN","population on 1st January","9","total","Y94","94 years","99","total","2019","2019",72341,"p","provisional data"
"IT","Italy","JAN","population on 1st January","1","males","Y95","95 years","99","total","2019","2019",13251,"p","provisional data"
"IT","Italy","JAN","population on 1st January","2","females","Y95","95 years","99","total","2019","2019",42353,"p","provisional data"
"IT","Italy","JAN","population on 1st January","9","total","Y95","95 years","99","total","2019","2019",55604,"p","provisional data"
"IT","Italy","JAN","population on 1st January","1","males","Y96","96 years","99","total","2019","2019",8954,"p","provisional data"
"IT","Italy","JAN","population on 1st January","2","females","Y96","96 years","99","total","2019","2019",31464,"p","provisional data"
"IT","Italy","JAN","population on 1st January","9","total","Y96","96 years","99","total","2019","2019",40418,"p","provisional data"
"IT","Italy","JAN","population on 1st January","1","males","Y97","97 years","99","total","2019","2019",6108,"p","provisional data"
"IT","Italy","JAN","population on 1st January","2","females","Y97","97 years","99","total","2019","2019",23220,"p","provisional data"
"IT","Italy","JAN","population on 1st January","9","total","Y97","97 years","99","total","2019","2019",29328,"p","provisional data"
"IT","Italy","JAN","population on 1st January","1","males","Y98","98 years","99","total","2019","2019",3946,"p","provisional data"
"IT","Italy","JAN","population on 1st January","2","females","Y98","98 years","99","total","2019","2019",16036,"p","provisional data"
"IT","Italy","JAN","population on 1st January","9","total","Y98","98 years","99","total","2019","2019",19982,"p","provisional data"
"IT","Italy","JAN","population on 1st January","1","males","Y99","99 years","99","total","2019","2019",1681,"p","provisional data"
"IT","Italy","JAN","population on 1st January","2","females","Y99","99 years","99","total","2019","2019",7495,"p","provisional data"
"IT","Italy","JAN","population on 1st January","9","total","Y99","99 years","99","total","2019","2019",9176,"p","provisional data"
"IT","Italy","JAN","population on 1st January","1","males","Y_GE100","100 years and over","99","total","2019","2019",2324,"p","provisional data"
"IT","Italy","JAN","population on 1st January","2","females","Y_GE100","100 years and over","99","total","2019","2019",12132,"p","provisional data"
"IT","Italy","JAN","population on 1st January","9","total","Y_GE100","100 years and over","99","total","2019","2019",14456,"p","provisional data"
"IT","Italy","JAN","population on 1st January","1","males","TOTAL","total","99","total","2019","2019",29384766,"p","provisional data"
"IT","Italy","JAN","population on 1st January","2","females","TOTAL","total","99","total","2019","2019",30974780,"p","provisional data"
"IT","Italy","JAN","population on 1st January","9","total","TOTAL","total","99","total","2019","2019",60359546,"p","provisional data"
